Workbook

Sheet Overview
A1: THEOPHYSICS — Eight-Family Spiritual Architecture ↔ Nine-Law Spine
A2: An ordered transformation pipeline mapped onto the Master Equation χ = C_W[∏ Xᵢ], Ẋ = W·∇χ + η
A4: THE EIGHT-FAMILY PROCESS PIPELINE
A5: Step | B5: Spiritual Family | C5: Canon Count | D5: Process Role | E5: Physics / Math Analog | F5: Master-Equation Layer | G5: Mapping Verdict
A6: 1 | B6: “I AM” statements | C6: 7 (John) | D6: Identity / Source | E6: Source condition, identity anchor, eigenmode | F6: Input / source layer | G6: Homomorphism
A7: 2 | B7: Ten Commandments | C7: 10 | D7: Constraint / Boundary | E7: Boundary conditions; anti-entropy constraints | F7: Constraint layer | G7: Structural correspondence
A8: 3 | B8: Grace modes | C8: varies | D8: Repair / Source term | E8: External source η; negentropy injection | F8: Repair / source layer | G8: Isomorphism candidate
A9: 4 | B9: Beatitudes | C9: 8 | D9: Receptivity / Posture | E9: Receptive boundary condition; basin of attraction | F9: Boundary posture | G9: Analogy
A10: 5 | B10: Fruits of the Spirit | C10: 9 | D10: Formation / Output | E10: Coherent attractor outputs of gradient flow | F10: Dynamical transformation | G10: ★ STRONG ISOMORPHISM (9↔9)
A11: 6 | B11: Gifts of the Spirit | C11: 9 (+disputed) | D11: Distribution / Function | E11: Distributed operators; channel allocation | F11: Functional distribution | G11: Homomorphism
A12: 7 | B12: Armor of God | C12: 6 | D12: Defense / Robustness | E12: Shielding; error correction; adversarial robustness | F12: Defense layer | G12: Metaphor / weak mapping
A13: 8 | B13: Seven Churches | C13: 7 | D13: Audit / Diagnostic | E13: System diagnostics; failure-mode detection | F13: Diagnostic audit | G13: Isomorphism candidate
A15: COMBINED RULING
A16: • Eight-family sequence = theological process architecture (identity → constraint → repair → receptivity → formation → distribution → defense → audit)
A17: • Fruits ↔ nine laws = the ONLY clean 9-to-9 count match → lead candidate, tested on the Fruits_Laws & Fruit_Dynamics tabs
A18: • All other families stay as constraint / source / posture / operator / defense / audit layers until they separately earn stronger status
A20: LEGEND
A21: Blue text = input / assumption you can change
A22: Black text = formula (auditable in the bar)
A23: Green text = pulls from another sheet
A24: Verdict scale: metaphor < analogy < structural correspondence < homomorphism < isomorphism candidate < isomorphism
A26: See Adversarial_Review for the dimensional-mismatch finding, corrected 4-phase architecture, and final verdict; Formalization for the Python/Lean test matrix and kill conditions.

Sheet Fruits_Laws
A1: FRUITS OF THE SPIRIT → NINE-LAW SPINE (the 9↔9 isomorphism candidate)
A2: Physical / Spiritual poles are looked up live from the spine below via INDEX/MATCH on the target Law number.
A4: NINE-LAW SPINE
A5: Law # | B5: Physical Pole | C5: Spiritual Pole
A6: 1 | B6: Gravitation | C6: Grace
A7: 2 | B7: Mass–Energy | C7: Meaning
A8: 3 | B8: Electromagnetism (Light) | C8: Truth
A9: 4 | B9: Strong Force | C9: Love
A10: 5 | B10: Thermodynamics | C10: Judgment
A11: 6 | B11: Logos | C11: Information
A12: 7 | B12: Relativity | C12: Grace-Frame
A13: 8 | B13: Quantum | C13: Faith
A14: 9 | B14: Weak Force | C14: Moral Conservation
A16: FRUITS → LAWS MAPPING (Galatians 5:22–23 canonical order)
A17: Gal # | B17: Fruit | C17: Greek | D17: → Law | E17: Physical Pole | F17: Spiritual Pole | G17: Why it fits | H17: Operational measure (state-variable behavior) | I17: Verdict
A18: 1 | B18: Love | C18: ἀγάπη (agapē) | D18: 4 | E18: =INDEX($B$6:$B$14,MATCH(D18,$A$6:$A$14,0)) -> Strong Force | F18: =INDEX($C$6:$C$14,MATCH(D18,$A$6:$A$14,0)) -> Love | G18: Binding force — direct structural match | H18: X₄ : binding-force strength | I18: isomorphism candidate
A19: 2 | B19: Joy | C19: χαρά (chara) | D19: 3 | E19: =INDEX($B$6:$B$14,MATCH(D19,$A$6:$A$14,0)) -> Electromagnetism (Light) | F19: =INDEX($C$6:$C$14,MATCH(D19,$A$6:$A$14,0)) -> Truth | G19: Resonance / alignment with the true state | H19: dχ/dt : rate of coherence increase | I19: isomorphism candidate
A20: 3 | B20: Peace | C20: εἰρήνη (eirēnē) | D20: 5 | E20: =INDEX($B$6:$B$14,MATCH(D20,$A$6:$A$14,0)) -> Thermodynamics | F20: =INDEX($C$6:$C$14,MATCH(D20,$A$6:$A$14,0)) -> Judgment | G20: Resolved tension — stability near equilibrium | H20: 1 − ‖∇χ‖ : proximity to equilibrium | I20: isomorphism candidate
A21: 4 | B21: Patience | C21: μακροθυμία (makrothymia) | D21: 1 | E21: =INDEX($B$6:$B$14,MATCH(D21,$A$6:$A$14,0)) -> Gravitation | F21: =INDEX($C$6:$C$14,MATCH(D21,$A$6:$A$14,0)) -> Grace | G21: Long-range, persistent, non-coercive ascent | H21: perturbation-recovery time (↓ = more patient) | I21: isomorphism candidate
A22: 5 | B22: Kindness | C22: χρηστότης (chrēstotēs) | D22: 6 | E22: =INDEX($B$6:$B$14,MATCH(D22,$A$6:$A$14,0)) -> Logos | F22: =INDEX($C$6:$C$14,MATCH(D22,$A$6:$A$14,0)) -> Information | G22: Truth mediated through relationship | H22: X₆ : information / signal fidelity | I22: isomorphism candidate
A23: 6 | B23: Goodness | C23: ἀγαθωσύνη (agathōsynē) | D23: 9 | E23: =INDEX($B$6:$B$14,MATCH(D23,$A$6:$A$14,0)) -> Weak Force | F23: =INDEX($C$6:$C$14,MATCH(D23,$A$6:$A$14,0)) -> Moral Conservation | G23: Maintains structure, prevents decay | H23: X₉ : structure preservation / entropy resistance | I23: isomorphism candidate
A24: 7 | B24: Faithfulness | C24: πίστις (pistis) | D24: 8 | E24: =INDEX($B$6:$B$14,MATCH(D24,$A$6:$A$14,0)) -> Quantum | F24: =INDEX($C$6:$C$14,MATCH(D24,$A$6:$A$14,0)) -> Faith | G24: Persistent state expectation / measurement | H24: X₈ : state persistence / expectation stability | I24: isomorphism candidate
A25: 8 | B25: Gentleness | C25: πραΐτης (prautēs) | D25: 7 | E25: =INDEX($B$6:$B$14,MATCH(D25,$A$6:$A$14,0)) -> Relativity | F25: =INDEX($C$6:$C$14,MATCH(D25,$A$6:$A$14,0)) -> Grace-Frame | G25: Low resistance, frame-aligned (low frame distortion) | H25: X₇ : inverse frame distortion | I25: isomorphism candidate
A26: 9 | B26: Self-control | C26: ἐγκράτεια (enkrateia) | D26: 2 | E26: =INDEX($B$6:$B$14,MATCH(D26,$A$6:$A$14,0)) -> Mass–Energy | F26: =INDEX($C$6:$C$14,MATCH(D26,$A$6:$A$14,0)) -> Meaning | G26: Directed inertia / momentum under agency | H26: X₂ : directed inertia / momentum control | I26: isomorphism candidate
A28: ADVERSARIAL NOTE — the ordering challenge
A29: Galatians order is love, joy, peace, patience, kindness, goodness, faithfulness, gentleness, self-control. The target-Law column (→ Law) is NOT monotonic (4,3,5,1,6,9,8,7,2). If that permutation is arbitrary, the isomorphism weakens; if a hidden ordering principle exists, it must be shown. Column D holds the hypothesis — change a number to test a rival mapping and watch the poles + downstream sheets update.

Sheet Commandments_Entropy
A1: TEN COMMANDMENTS → ANTI-ENTROPY BOUNDARY CONSTRAINTS
A2: Structural claim: the Commandments define a low-entropy submanifold of moral state-space; each blocks a distinct disorder channel. They are the box, not the contents (constraints on the 9-D state, not factors in the product).
A4: # | B4: Commandment | C4: Disorder Channel Blocked | D4: Entropy Analog | E4: Compliance Cᵢ (0–1) | G4: LIVE: COMPLIANCE → ENTROPY
A5: 1 | B5: No other gods | C5: Source fragmentation | D5: Multiple attractors, no convergence | E5: 0.9 | G5: Σ Compliance | H5: =SUM(E5:E14) -> 8.3
A6: 2 | B6: No idols | C6: Model corruption | D6: Wrong Hamiltonian / false landscape | E6: 0.9 | G6: Entropy S(C) = 10 − ΣC | H6: =10-SUM(E5:E14) -> 1.7
A7: 3 | B7: No misuse of the Name | C7: Signal corruption / authority spoofing | D7: Noise injection in the communication channel | E7: 0.8 | G7: Normalized Ŝ = 1 − mean(C) | H7: =1-AVERAGE(E5:E14) -> 0.17
A8: 4 | B8: Sabbath | C8: Temporal burnout | D8: Uncontrolled dissipation, no repair cycle | E8: 0.7 | G8: Decoherence multiplier (1+Ŝ) | H8: =1+H7 -> 1.17
A9: 5 | B9: Honor father and mother | C9: Generational collapse | D9: Broken boundary conditions | E9: 0.8 | G9: Weakest link min(C) | H9: =MIN(E5:E14) -> 0.6
A10: 6 | B10: No murder | C10: Life-system destruction | D10: Irreversible state loss | E10: 1 | G10: Weakest commandment | H10: =INDEX(B5:B14,MATCH(MIN(E5:E14),E5:E14,0)) -> No covet
A11: 7 | B11: No adultery | C11: Covenant rupture | D11: Bond breaking / decoherence | E11: 0.9
A12: 8 | B12: No theft | C12: Trust-boundary violation | D12: Property / expectation disorder | E12: 0.9 | G12: Reading: S(C) is the entropy the constraint layer is failing to suppress. High S → the dynamics on Fruit_Dynamics decohere faster (feed 1+Ŝ as a drag on Ẋ). Perfect compliance (all C=1) → S=0 → no constraint-driven decoherence.
A13: 9 | B13: No false witness | C13: Truth-channel corruption | D13: Bit-flip errors | E13: 0.8
A14: 10 | B14: No covet | C14: Internal desire disorder | D14: Source of spontaneous decoherence | E14: 0.6

Sheet Fruit_Dynamics
A1: FRUIT DYNAMICS — derived equation of motion
A2: χ = C_W·∏Xⱼ • ∂χ/∂Xⱼ = ∏_{k≠j} Xₖ (product of others = veto) • dFᵢ/dt = W·∂χ/∂X_{m(i)} + η_{m(i)}
A4: Law # | B4: Physical | C4: Spiritual | D4: State Xⱼ (0–1) | E4: Grace ηⱼ | F4: ∂χ/∂Xⱼ (grad) | G4: Assigned Fruit | H4: dF/dt = W·grad + η | K4: AGENCY & SYSTEM READOUTS
A5: 1 | B5: =Fruits_Laws!B6 -> Gravitation | C5: =Fruits_Laws!C6 -> Grace | D5: 0.9 | E5: 0.05 | F5: =D6*D7*D8*D9*D10*D11*D12*D13 -> 0.1966356 | G5: =INDEX(Fruits_Laws!$B$18:$B$26,MATCH(A5,Fruits_Laws!$D$18:$D$26,0)) -> Patience | H5: =$L$5*F5+E5 -> 0.2466356 | K5: W (agency, 0–2) | L5: 1
A6: 2 | B6: =Fruits_Laws!B7 -> Mass–Energy | C6: =Fruits_Laws!C7 -> Meaning | D6: 0.8 | E6: 0.05 | F6: =D5*D7*D8*D9*D10*D11*D12*D13 -> 0.22121505 | G6: =INDEX(Fruits_Laws!$B$18:$B$26,MATCH(A6,Fruits_Laws!$D$18:$D$26,0)) -> Self-control | H6: =$L$5*F6+E6 -> 0.27121505 | K6: C_W (wrapper) | L6: 1
A7: 3 | B7: =Fruits_Laws!B8 -> Electromagnetism (Light) | C7: =Fruits_Laws!C8 -> Truth | D7: 0.85 | E7: 0.05 | F7: =D5*D6*D8*D9*D10*D11*D12*D13 -> 0.2082024 | G7: =INDEX(Fruits_Laws!$B$18:$B$26,MATCH(A7,Fruits_Laws!$D$18:$D$26,0)) -> Joy | H7: =$L$5*F7+E7 -> 0.2582024 | K7: χ = C_W·∏Xⱼ | L7: =L6*PRODUCT(D5:D13) -> 0.17697204
A8: 4 | B8: =Fruits_Laws!B9 -> Strong Force | C8: =Fruits_Laws!C9 -> Love | D8: 0.7 | E8: 0.05 | F8: =D5*D6*D7*D9*D10*D11*D12*D13 -> 0.2528172 | G8: =INDEX(Fruits_Laws!$B$18:$B$26,MATCH(A8,Fruits_Laws!$D$18:$D$26,0)) -> Love | H8: =$L$5*F8+E8 -> 0.3028172 | K8: ‖∇χ‖ | L8: =SQRT(SUMSQ(F5:F13)) -> 0.64819773
A9: 5 | B9: =Fruits_Laws!B10 -> Thermodynamics | C9: =Fruits_Laws!C10 -> Judgment | D9: 0.9 | E9: 0.05 | F9: =D5*D6*D7*D8*D10*D11*D12*D13 -> 0.1966356 | G9: =INDEX(Fruits_Laws!$B$18:$B$26,MATCH(A9,Fruits_Laws!$D$18:$D$26,0)) -> Peace | H9: =$L$5*F9+E9 -> 0.2466356 | K9: mean dF/dt | L9: =AVERAGE(H5:H13) -> 0.26528018
A10: 6 | B10: =Fruits_Laws!B11 -> Logos | C10: =Fruits_Laws!C11 -> Information | D10: 0.8 | E10: 0.05 | F10: =D5*D6*D7*D8*D9*D11*D12*D13 -> 0.22121505 | G10: =INDEX(Fruits_Laws!$B$18:$B$26,MATCH(A10,Fruits_Laws!$D$18:$D$26,0)) -> Kindness | H10: =$L$5*F10+E10 -> 0.27121505 | K10: min Xⱼ (weakest law) | L10: =MIN(D5:D13) -> 0.7
A11: 7 | B11: =Fruits_Laws!B12 -> Relativity | C11: =Fruits_Laws!C12 -> Grace-Frame | D11: 0.75 | E11: 0.05 | F11: =D5*D6*D7*D8*D9*D10*D12*D13 -> 0.23596272 | G11: =INDEX(Fruits_Laws!$B$18:$B$26,MATCH(A11,Fruits_Laws!$D$18:$D$26,0)) -> Gentleness | H11: =$L$5*F11+E11 -> 0.28596272 | K11: weakest fruit (vetoing) | L11: =INDEX(G5:G13,MATCH(MIN(D5:D13),D5:D13,0)) -> Love
A12: 8 | B12: =Fruits_Laws!B13 -> Quantum | C12: =Fruits_Laws!C13 -> Faith | D12: 0.85 | E12: 0.05 | F12: =D5*D6*D7*D8*D9*D10*D11*D13 -> 0.2082024 | G12: =INDEX(Fruits_Laws!$B$18:$B$26,MATCH(A12,Fruits_Laws!$D$18:$D$26,0)) -> Faithfulness | H12: =$L$5*F12+E12 -> 0.2582024
A13: 9 | B13: =Fruits_Laws!B14 -> Weak Force | C13: =Fruits_Laws!C14 -> Moral Conservation | D13: 0.9 | E13: 0.05 | F13: =D5*D6*D7*D8*D9*D10*D11*D12 -> 0.1966356 | G13: =INDEX(Fruits_Laws!$B$18:$B$26,MATCH(A13,Fruits_Laws!$D$18:$D$26,0)) -> Goodness | H13: =$L$5*F13+E13 -> 0.2466356
A15: WHAT THE EQUATION SAYS
A16: • dF/dt = W·∇χ + η : a Fruit grows through agency W aimed along the coherence gradient, PLUS grace η injected on that dimension. Neither term alone is sufficient.
A17: • VETO (product structure): set any Xⱼ = 0 → χ = 0 and every OTHER law's gradient → 0. Effort cannot grow a Fruit while any dimension is dead — only that fruit's own η can still move it. This is why Paul names one fruit (singular), not nine.
A18: • η = 0 test: zero the Grace column and growth collapses to pure W·∇χ; near a weak dimension the system stalls. η ≠ 0 is what enables trajectories the closed system cannot reach. (Try it: set E5:E13 = 0.)

Sheet Bidirectional_Test
A1: BIDIRECTIONAL STRUCTURAL-ROLE MATCH TEST
A2: Score families and law-roles by abstract ROLE profile (not word similarity), then check whether the canonical diagonal wins vs off-diagonal chance. Recovery works both ways: spiritual→physical and physical→spiritual.
A4: SPIRITUAL FAMILY ROLE PROFILES (weights 0–1, inputs)
A5: Family | B5: Src | C5: Con | D5: Rep | E5: Rec | F5: For | G5: Dis | H5: Def | I5: Aud
A6: I AM | B6: 1 | C6: 0 | D6: 0 | E6: 0 | F6: 0 | G6: 0.2 | H6: 0 | I6: 0.1
A7: Commandments | B7: 0 | C7: 1 | D7: 0 | E7: 0 | F7: 0 | G7: 0 | H7: 0.3 | I7: 0.2
A8: Grace | B8: 0 | C8: 0 | D8: 1 | E8: 0.2 | F8: 0.3 | G8: 0 | H8: 0 | I8: 0
A9: Beatitudes | B9: 0.2 | C9: 0 | D9: 0 | E9: 1 | F9: 0.3 | G9: 0 | H9: 0 | I9: 0
A10: Fruits | B10: 0 | C10: 0 | D10: 0.2 | E10: 0.2 | F10: 1 | G10: 0 | H10: 0 | I10: 0
A11: Gifts | B11: 0 | C11: 0 | D11: 0 | E11: 0 | F11: 0.3 | G11: 1 | H11: 0.2 | I11: 0
A12: Armor | B12: 0 | C12: 0.3 | D12: 0 | E12: 0 | F12: 0 | G12: 0.2 | H12: 1 | I12: 0
A13: Churches | B13: 0 | C13: 0.2 | D13: 0 | E13: 0.2 | F13: 0 | G13: 0 | H13: 0.2 | I13: 1
A15: PHYSICS LAW-ROLE PROFILES (weights 0–1, inputs)
A16: Law-role | B16: Src | C16: Con | D16: Rep | E16: Rec | F16: For | G16: Dis | H16: Def | I16: Aud
A17: Source / identity anchor | B17: 1 | C17: 0 | D17: 0 | E17: 0.1 | F17: 0 | G17: 0.2 | H17: 0 | I17: 0
A18: Boundary / constraint (anti-entropy) | B18: 0 | C18: 1 | D18: 0 | E18: 0 | F18: 0 | G18: 0 | H18: 0.3 | I18: 0.2
A19: External source term η | B19: 0 | C19: 0 | D19: 1 | E19: 0.2 | F19: 0.3 | G19: 0 | H19: 0 | I19: 0
A20: Receptive boundary condition | B20: 0.2 | C20: 0 | D20: 0.1 | E20: 1 | F20: 0.2 | G20: 0 | H20: 0 | I20: 0
A21: Gradient-flow output / attractor | B21: 0 | C21: 0 | D21: 0.2 | E21: 0.2 | F21: 1 | G21: 0.1 | H21: 0 | I21: 0
A22: Distributed operators / channels | B22: 0 | C22: 0 | D22: 0 | E22: 0 | F22: 0.3 | G22: 1 | H22: 0.2 | I22: 0
A23: Shielding / error-correction | B23: 0 | C23: 0.3 | D23: 0 | E23: 0 | F23: 0 | G23: 0.2 | H23: 1 | I23: 0
A24: Diagnostic / failure-mode feedback | B24: 0 | C24: 0.2 | D24: 0 | E24: 0.1 | F24: 0 | G24: 0 | H24: 0.2 | I24: 1
A26: COSINE MATCH MATRIX (spiritual rows × physics-role cols) — diagonal = canonical mapping
A27: Family \ Law-role | B27: Source | C27: Constraint | D27: η source | E27: Recept. | F27: Gradient | G27: Distrib. | H27: Robust. | I27: Diagnostic | K27: argmax col | L27: hit?
A28: =A6 -> I AM | B28: =SUMPRODUCT(B6:I6,B17:I17)/(SQRT(SUMSQ(B6:I6))*SQRT(SUMSQ(B17:I17))) -> 0.99047619 | C28: =SUMPRODUCT(B6:I6,B18:I18)/(SQRT(SUMSQ(B6:I6))*SQRT(SUMSQ(B18:I18))) -> 0.018360991 | D28: =SUMPRODUCT(B6:I6,B19:I19)/(SQRT(SUMSQ(B6:I6))*SQRT(SUMSQ(B19:I19))) -> 0 | E28: =SUMPRODUCT(B6:I6,B20:I20)/(SQRT(SUMSQ(B6:I6))*SQRT(SUMSQ(B20:I20))) -> 0.18694855 | F28: =SUMPRODUCT(B6:I6,B21:I21)/(SQRT(SUMSQ(B6:I6))*SQRT(SUMSQ(B21:I21))) -> 0.018694855 | G28: =SUMPRODUCT(B6:I6,B22:I22)/(SQRT(SUMSQ(B6:I6))*SQRT(SUMSQ(B22:I22))) -> 0.18360991 | H28: =SUMPRODUCT(B6:I6,B23:I23)/(SQRT(SUMSQ(B6:I6))*SQRT(SUMSQ(B23:I23))) -> 0.036721983 | I28: =SUMPRODUCT(B6:I6,B24:I24)/(SQRT(SUMSQ(B6:I6))*SQRT(SUMSQ(B24:I24))) -> 0.093474274 | K28: =MATCH(MAX(B28:I28),B28:I28,0) -> 1 | L28: =IF(K28=ROW()-27,1,0) -> 1
A29: =A7 -> Commandments | B29: =SUMPRODUCT(B7:I7,B17:I17)/(SQRT(SUMSQ(B7:I7))*SQRT(SUMSQ(B17:I17))) -> 0 | C29: =SUMPRODUCT(B7:I7,B18:I18)/(SQRT(SUMSQ(B7:I7))*SQRT(SUMSQ(B18:I18))) -> 1 | D29: =SUMPRODUCT(B7:I7,B19:I19)/(SQRT(SUMSQ(B7:I7))*SQRT(SUMSQ(B19:I19))) -> 0 | E29: =SUMPRODUCT(B7:I7,B20:I20)/(SQRT(SUMSQ(B7:I7))*SQRT(SUMSQ(B20:I20))) -> 0 | F29: =SUMPRODUCT(B7:I7,B21:I21)/(SQRT(SUMSQ(B7:I7))*SQRT(SUMSQ(B21:I21))) -> 0 | G29: =SUMPRODUCT(B7:I7,B22:I22)/(SQRT(SUMSQ(B7:I7))*SQRT(SUMSQ(B22:I22))) -> 0.053097345 | H29: =SUMPRODUCT(B7:I7,B23:I23)/(SQRT(SUMSQ(B7:I7))*SQRT(SUMSQ(B23:I23))) -> 0.53097345 | I29: =SUMPRODUCT(B7:I7,B24:I24)/(SQRT(SUMSQ(B7:I7))*SQRT(SUMSQ(B24:I24))) -> 0.4144817 | K29: =MATCH(MAX(B29:I29),B29:I29,0) -> 2 | L29: =IF(K29=ROW()-27,1,0) -> 1
A30: =A8 -> Grace | B30: =SUMPRODUCT(B8:I8,B17:I17)/(SQRT(SUMSQ(B8:I8))*SQRT(SUMSQ(B17:I17))) -> 0.018360991 | C30: =SUMPRODUCT(B8:I8,B18:I18)/(SQRT(SUMSQ(B8:I8))*SQRT(SUMSQ(B18:I18))) -> 0 | D30: =SUMPRODUCT(B8:I8,B19:I19)/(SQRT(SUMSQ(B8:I8))*SQRT(SUMSQ(B19:I19))) -> 1 | E30: =SUMPRODUCT(B8:I8,B20:I20)/(SQRT(SUMSQ(B8:I8))*SQRT(SUMSQ(B20:I20))) -> 0.32437698 | F30: =SUMPRODUCT(B8:I8,B21:I21)/(SQRT(SUMSQ(B8:I8))*SQRT(SUMSQ(B21:I21))) -> 0.48656547 | G30: =SUMPRODUCT(B8:I8,B22:I22)/(SQRT(SUMSQ(B8:I8))*SQRT(SUMSQ(B22:I22))) -> 0.079646018 | H30: =SUMPRODUCT(B8:I8,B23:I23)/(SQRT(SUMSQ(B8:I8))*SQRT(SUMSQ(B23:I23))) -> 0 | I30: =SUMPRODUCT(B8:I8,B24:I24)/(SQRT(SUMSQ(B8:I8))*SQRT(SUMSQ(B24:I24))) -> 0.018020943 | K30: =MATCH(MAX(B30:I30),B30:I30,0) -> 3 | L30: =IF(K30=ROW()-27,1,0) -> 1
A31: =A9 -> Beatitudes | B31: =SUMPRODUCT(B9:I9,B17:I17)/(SQRT(SUMSQ(B9:I9))*SQRT(SUMSQ(B17:I17))) -> 0.27541487 | C31: =SUMPRODUCT(B9:I9,B18:I18)/(SQRT(SUMSQ(B9:I9))*SQRT(SUMSQ(B18:I18))) -> 0 | D31: =SUMPRODUCT(B9:I9,B19:I19)/(SQRT(SUMSQ(B9:I9))*SQRT(SUMSQ(B19:I19))) -> 0.25663717 | E31: =SUMPRODUCT(B9:I9,B20:I20)/(SQRT(SUMSQ(B9:I9))*SQRT(SUMSQ(B20:I20))) -> 0.99115189 | F31: =SUMPRODUCT(B9:I9,B21:I21)/(SQRT(SUMSQ(B9:I9))*SQRT(SUMSQ(B21:I21))) -> 0.45052359 | G31: =SUMPRODUCT(B9:I9,B22:I22)/(SQRT(SUMSQ(B9:I9))*SQRT(SUMSQ(B22:I22))) -> 0.079646018 | H31: =SUMPRODUCT(B9:I9,B23:I23)/(SQRT(SUMSQ(B9:I9))*SQRT(SUMSQ(B23:I23))) -> 0 | I31: =SUMPRODUCT(B9:I9,B24:I24)/(SQRT(SUMSQ(B9:I9))*SQRT(SUMSQ(B24:I24))) -> 0.090104717 | K31: =MATCH(MAX(B31:I31),B31:I31,0) -> 4 | L31: =IF(K31=ROW()-27,1,0) -> 1
A32: =A10 -> Fruits | B32: =SUMPRODUCT(B10:I10,B17:I17)/(SQRT(SUMSQ(B10:I10))*SQRT(SUMSQ(B17:I17))) -> 0.018781206 | C32: =SUMPRODUCT(B10:I10,B18:I18)/(SQRT(SUMSQ(B10:I10))*SQRT(SUMSQ(B18:I18))) -> 0 | D32: =SUMPRODUCT(B10:I10,B19:I19)/(SQRT(SUMSQ(B10:I10))*SQRT(SUMSQ(B19:I19))) -> 0.4888129 | E32: =SUMPRODUCT(B10:I10,B20:I20)/(SQRT(SUMSQ(B10:I10))*SQRT(SUMSQ(B20:I20))) -> 0.38710088 | F32: =SUMPRODUCT(B10:I10,B21:I21)/(SQRT(SUMSQ(B10:I10))*SQRT(SUMSQ(B21:I21))) -> 0.99540227 | G32: =SUMPRODUCT(B10:I10,B22:I22)/(SQRT(SUMSQ(B10:I10))*SQRT(SUMSQ(B22:I22))) -> 0.27156272 | H32: =SUMPRODUCT(B10:I10,B23:I23)/(SQRT(SUMSQ(B10:I10))*SQRT(SUMSQ(B23:I23))) -> 0 | I32: =SUMPRODUCT(B10:I10,B24:I24)/(SQRT(SUMSQ(B10:I10))*SQRT(SUMSQ(B24:I24))) -> 0.018433375 | K32: =MATCH(MAX(B32:I32),B32:I32,0) -> 5 | L32: =IF(K32=ROW()-27,1,0) -> 1
A33: =A11 -> Gifts | B33: =SUMPRODUCT(B11:I11,B17:I17)/(SQRT(SUMSQ(B11:I11))*SQRT(SUMSQ(B17:I17))) -> 0.18360991 | C33: =SUMPRODUCT(B11:I11,B18:I18)/(SQRT(SUMSQ(B11:I11))*SQRT(SUMSQ(B18:I18))) -> 0.053097345 | D33: =SUMPRODUCT(B11:I11,B19:I19)/(SQRT(SUMSQ(B11:I11))*SQRT(SUMSQ(B19:I19))) -> 0.079646018 | E33: =SUMPRODUCT(B11:I11,B20:I20)/(SQRT(SUMSQ(B11:I11))*SQRT(SUMSQ(B20:I20))) -> 0.05406283 | F33: =SUMPRODUCT(B11:I11,B21:I21)/(SQRT(SUMSQ(B11:I11))*SQRT(SUMSQ(B21:I21))) -> 0.36041887 | G33: =SUMPRODUCT(B11:I11,B22:I22)/(SQRT(SUMSQ(B11:I11))*SQRT(SUMSQ(B22:I22))) -> 1 | H33: =SUMPRODUCT(B11:I11,B23:I23)/(SQRT(SUMSQ(B11:I11))*SQRT(SUMSQ(B23:I23))) -> 0.3539823 | I33: =SUMPRODUCT(B11:I11,B24:I24)/(SQRT(SUMSQ(B11:I11))*SQRT(SUMSQ(B24:I24))) -> 0.036041887 | K33: =MATCH(MAX(B33:I33),B33:I33,0) -> 6 | L33: =IF(K33=ROW()-27,1,0) -> 1
A34: =A12 -> Armor | B34: =SUMPRODUCT(B12:I12,B17:I17)/(SQRT(SUMSQ(B12:I12))*SQRT(SUMSQ(B17:I17))) -> 0.036721983 | C34: =SUMPRODUCT(B12:I12,B18:I18)/(SQRT(SUMSQ(B12:I12))*SQRT(SUMSQ(B18:I18))) -> 0.53097345 | D34: =SUMPRODUCT(B12:I12,B19:I19)/(SQRT(SUMSQ(B12:I12))*SQRT(SUMSQ(B19:I19))) -> 0 | E34: =SUMPRODUCT(B12:I12,B20:I20)/(SQRT(SUMSQ(B12:I12))*SQRT(SUMSQ(B20:I20))) -> 0 | F34: =SUMPRODUCT(B12:I12,B21:I21)/(SQRT(SUMSQ(B12:I12))*SQRT(SUMSQ(B21:I21))) -> 0.018020943 | G34: =SUMPRODUCT(B12:I12,B22:I22)/(SQRT(SUMSQ(B12:I12))*SQRT(SUMSQ(B22:I22))) -> 0.3539823 | H34: =SUMPRODUCT(B12:I12,B23:I23)/(SQRT(SUMSQ(B12:I12))*SQRT(SUMSQ(B23:I23))) -> 1 | I34: =SUMPRODUCT(B12:I12,B24:I24)/(SQRT(SUMSQ(B12:I12))*SQRT(SUMSQ(B24:I24))) -> 0.23427227 | K34: =MATCH(MAX(B34:I34),B34:I34,0) -> 7 | L34: =IF(K34=ROW()-27,1,0) -> 1
A35: =A13 -> Churches | B35: =SUMPRODUCT(B13:I13,B17:I17)/(SQRT(SUMSQ(B13:I13))*SQRT(SUMSQ(B17:I17))) -> 0.018442778 | C35: =SUMPRODUCT(B13:I13,B18:I18)/(SQRT(SUMSQ(B13:I13))*SQRT(SUMSQ(B18:I18))) -> 0.40889293 | D35: =SUMPRODUCT(B13:I13,B19:I19)/(SQRT(SUMSQ(B13:I13))*SQRT(SUMSQ(B19:I19))) -> 0.035555907 | E35: =SUMPRODUCT(B13:I13,B20:I20)/(SQRT(SUMSQ(B13:I13))*SQRT(SUMSQ(B20:I20))) -> 0.18101215 | F35: =SUMPRODUCT(B13:I13,B21:I21)/(SQRT(SUMSQ(B13:I13))*SQRT(SUMSQ(B21:I21))) -> 0.036202431 | G35: =SUMPRODUCT(B13:I13,B22:I22)/(SQRT(SUMSQ(B13:I13))*SQRT(SUMSQ(B22:I22))) -> 0.035555907 | H35: =SUMPRODUCT(B13:I13,B23:I23)/(SQRT(SUMSQ(B13:I13))*SQRT(SUMSQ(B23:I23))) -> 0.23111339 | I35: =SUMPRODUCT(B13:I13,B24:I24)/(SQRT(SUMSQ(B13:I13))*SQRT(SUMSQ(B24:I24))) -> 0.99556684 | K35: =MATCH(MAX(B35:I35),B35:I35,0) -> 8 | L35: =IF(K35=ROW()-27,1,0) -> 1
A37: READOUTS
A38: Canonical diagonal mean | B38: =(B28+C29+D30+E31+F32+G33+H34+I35)/8 -> 0.99657465
A39: Off-diagonal mean (chance baseline) | B39: =(SUM(B28:I35)-(B28+C29+D30+E31+F32+G33+H34+I35))/56 -> 0.14360637
A40: Separation ratio (diag / off-diag) | B40: =B38/B39 -> 6.9396272
A41: Recovery accuracy (argmax on diagonal) | B41: =SUM(L28:L35)/8 -> 1
A42: VERDICT | B42: =IF(AND(B40>=1.5,B41>=0.75),"structural correspondence supported",IF(B40>=1.15,"weak support — tighten profiles","not supported — downgrade")) -> structural correspondence supported
A44: CONTROLS TO RUN (edit the input weights and watch the verdict move):
A45: 1) Shuffle: swap two families' profile rows → diagonal should collapse toward chance. 2) Flatten: set all weights = 1 → every cosine → 1, separation ratio → 1 (no information). 3) Rival list: replace a family's profile with a generic virtue and see if it still lands on its law-role. 4) Reverse direction: read the matrix by COLUMN (argmax down each law-role) — it should recover the same pairing.

Sheet Bridge_Kill
A1: BRIDGE CLAIMS & KILL CONDITIONS
A2: The math works without the theology. WITH the theology it becomes Theophysics. These identifications are bridge claims, not theorems — kept explicit and falsifiable.
A4: BRIDGE CLAIMS (mathematical object → theological claim)
A5: Mathematical object | B5: Theological claim | C5: Status
A6: χ → 1 | B6: Sanctification / Christ-likeness | C6: bridge claim
A7: η ≠ 0 | B7: Holy Spirit active (external source) | C7: bridge claim
A8: W > 0 | B8: Human agency cooperating with grace | C8: bridge claim
A9: Fruits emerging (Fᵢ rising) | B9: Evidence of Spirit-filled life | C9: bridge claim
A10: Product / veto structure | B10: One fruit (singular), not nine separable virtues | C10: structural
A11: Commandments as constraints | B11: Moral law revealing God's order (the box) | C11: structural
A12: Entropy term / Γ_sin | B12: The adversary / works of the flesh | C12: bridge claim
A13: Armor robustness | B13: Spiritual protection under attack | C13: analogy
A15: KILL CONDITIONS (what would break the mapping)
A16: # | B16: Condition | C16: If observed → | D16: Where to test
A17: 1 | B17: Random W reproduces the Fruit pattern | C17: mapping underconstrained — downgrade | D17: Fruit_Dynamics (vary W, compare)
A18: 2 | B18: η = 0 produces Fruits equally well | C18: grace not necessary — core claim fails | D18: Fruit_Dynamics (set E5:E13 = 0)
A19: 3 | B19: Shuffled family–law pairing scores as high | C19: pairing not load-bearing — downgrade | D19: Bidirectional_Test (swap profile rows)
A20: 4 | B20: Rival virtue list maps just as well | C20: Fruits not special — downgrade | D20: Bidirectional_Test (swap in generic list)
A21: 5 | B21: Galatians order is arbitrary vs law order | C21: isomorphism → mere correspondence | D21: Fruits_Laws (ordering note, col D)
A22: 6 | B22: Flatten all role weights → ratio ≈ 1 | C22: sanity check: no information in profiles | D22: Bidirectional_Test (set weights = 1)
A24: HONEST LIMIT
A25: None of this proves the Holy Spirit produces fruit. It proves: IF Ẋ = W·∇χ + η is the right dynamics AND the Fruit→Law mapping is right, THEN the Fruits emerge as coupled observables with the veto/product structure shown. The 'IF' is the bridge; the derivation is rigorous given the 'IF'. The Fruits are the only clean 9↔9 candidate — lead with them; everything else stays process architecture until it earns more.

Sheet Adversarial_Review
A1: ADVERSARIAL REVIEW — Gemini deep-research verdict
A2: FINAL VERDICT: structural correspondence + valid homomorphism — NOT a strict isomorphism. Blocked by dimensional mismatch, one forced metaphor (Armor), and a linear order that flattens concurrent layers. Survives formalization only with dimensional projection, reordering, and discontinuous (Dirac-δ) grace operators.
A4: DIMENSIONAL MISMATCH (the central obstruction to isomorphism)
A5: Family | B5: Count | C5: Math role | D5: Reconciliation needed
A6: I AM | B6: 7 | C6: Input basis / eigenstates | D6: Expand to 9-D basis, or accept homomorphic projection
A7: Commandments | B7: 10 | C7: Constraint manifold (Lagrangian) | D7: 10-D bounding 9-D → gauge projection or 1 dependent constraint
A8: Grace | B8: open | C8: External source term η | D8: Dimension-free forcing (no count constraint)
A9: Beatitudes | B9: 8 | C9: Boundary / admissible states | D9: 8 → 9 posture conditioning of W
A10: Fruits | B10: 9 | C10: State vector X (target) | D10: Canonical 9-D — the anchor dimension
A11: Gifts | B11: 9* | C11: Distributed operators | D11: Count disputed (1 Cor 12 vs Rom 12 vs Eph 4); network layer
A12: Armor | B12: 6 | C12: Robustness filter (H∞) | D12: Systemic filter; pieces are NOT orthogonal operators
A13: Churches | B13: 7 | C13: Diagnostic / measurement | D13: 7-D terminal audit vs 9-D state
A14: CORE ISSUE | C14: 10-D constraint bounds a 9-D state; 7-D input & 7-D terminal. Strict isomorphism fails without gauge projection / dimensionality reduction.
A16: CORRECTED SYSTEM ARCHITECTURE (linear order flattens concurrent layers — this is the fix)
A17: Phase | B17: Mode | C17: Step | D17: Family | E17: Math role
A18: 1. Initialization | B18: Sequential | C18: Source / Identity | D18: I AM | E18: Hilbert space + orthogonal basis vectors
A19: 1. Initialization | B19: Sequential | C19: Boundary constraints | D19: Commandments | E19: Lagrangian bounds + landscape topology
A20: 2. Dynamical evolution | B20: Iterative feedback loop | C20: Posture | D20: Beatitudes | E20: W conditions itself (minimize internal potential)
A21: 2. Dynamical evolution | B21: Iterative feedback loop | C21: Repair | D21: Grace | E21: η applies continuous / non-adiabatic corrections vs drift
A22: 2. Dynamical evolution | B22: Iterative feedback loop | C22: Formation | D22: Fruits | E22: X integrates toward the stable 9-D attractor
A23: 3. Network operation | B23: Concurrent | C23: Distribution + Defense | D23: Gifts + Armor | E23: Coupled matrices: channel allocation + real-time noise damping
A24: 4. Terminal measurement | B24: Sequential endpoint | C24: Audit | D24: Churches | E24: Eigenvalue measurement + fixed-point consensus

Sheet Formalization
A1: FORMALIZATION — what must be proven, and what kills it
A2: Python/Colab for computational viability; Lean 4 for type-safety and topological consistency. Each test has an explicit kill condition.
A4: TEST MATRIX
A5: Platform | B5: Test / Theorem | C5: Success criterion | D5: Kill condition
A6: Python | B6: Lyapunov stability of W & H | C6: Converges to X_target iff W is symmetric positive-definite | D6: Negative eigenvalues in W do NOT produce divergence → the “sin” analog fails
A7: Python | B7: Directed repair operator η | C7: η stabilizes paths that would otherwise terminally diverge | D7: η is mathematically indistinguishable from Gaussian noise → grace is lost
A8: Python | B8: Dimensional projection mapping | C8: Map 10-D constraint (Commandments) onto 9-D state (Fruits) cleanly | D8: Projection creates unresolvable null spaces / loses moral-constraint data
A9: Lean 4 | B9: Type safety of the sequence | C9: Familyₙ output is a valid input for Familyₙ₊₁ (category-theoretic functors) | D9: Fruits (individual state) → Gifts (network) cannot map without a scale-transition error
A10: Lean 4 | B10: Fixed-point theorem of repair | C10: OPH patch network under mismatch converges to a unique normal form | D10: Repair diverges or yields multiple conflicting terminal states → the Audit fails
A12: TOP-LEVEL KILL CONDITIONS (framework is broken if ANY holds)
A13: 1 | B13: The 10→9 dimensional mapping cannot be resolved via gauge symmetry or projection — constraints stay incompatible with the state vector.
A14: 2 | B14: Agency W cannot be a mobility matrix without violating free will — a purely deterministic W annihilates free choice.
A15: 3 | B15: The directed grace operator η violates conservation laws without an explicit external, low-entropy divine source.
A16: 4 | B16: Continuous dX/dt cannot accommodate the Dirac-δ impulses required for sudden, discontinuous regeneration.

Sheet Master_Equation
A1: THEOPHYSICS MASTER EQUATION — canonical spine (imported from Axiom_Containers)
A2: χ = ∫(G·K)dΩ · X = (G, M, E, S, T, K, R, Q, F, C) · LLC = χ(t)Σ̇² − S·χ(t). C (Coherence/Christ) is the binding wrapper C_W → 9 state factors + 1 wrapper.
A4: Var | B4: Law | C4: Science name | D4: Physical meaning | E4: God name | F4: Theological meaning | G4: Scripture | H4: Conjugate pair
A5: G | B5: 1 | C5: Gravity / Negentropy | D5: Curvature of spacetime | E5: Grace | F5: Unearned external input | G5: Romans 6:23 | H5: Q (Faith)
A6: M | B6: 2 | C6: Mass-Energy | D6: Substance, matter content | E6: Meaning | F6: Significance, weight | G6: Ecclesiastes 1:2 | H6: F (Sin-decay)
A7: E | B7: 3 | C7: Electromagnetism | D7: Light, signal, truth propagation | E7: Truth | F7: What actually is | G7: John 14:6 | H7: C (Christ)
A8: K | B8: 4 | C8: Logos / Information | D8: Information structure, deep order | E8: Logos | F8: John 1:1, the Word | G8: John 1:1 | H8: T (Judgment)
A9: S | B9: 5 | C9: Entropy | D9: Disorder, thermodynamic arrow | E9: Sin / Disorder | F9: Drags χ down | G9: Genesis 3:17-19 | H9: R (Relationship)
A10: T | B10: 6 | C10: Time | D10: Consequence domain | E10: Judgment | F10: Consequences unfold | G10: Ecclesiastes 3:1 | H10: K (Logos)
A11: R | B11: 7 | C11: Relational Physics | D11: Relational substrate | E11: Relationship | F11: Trinity, relational nature | G11: Genesis 2:18 | H11: S (Sin)
A12: Q | B12: 8 | C12: Quantum Observation | D12: Wavefunction collapse | E12: Faith | F12: Acting before evidence compels | G12: Hebrews 11:1 | H12: G (Grace)
A13: F | B13: 9 | C13: Weak Force Decay | D13: Slow atomic decay | E13: Sin-decay | F13: Slow invisible corruption | G13: Romans 6:23 | H13: M (Meaning)
A14: C | B14: 10 | C14: Coherence | D14: Binding force | E14: Christ | F14: In Him all things hold together | G14: Colossians 1:17 | H14: E (Truth)

Sheet Spine_Compare
A1: SPINE COMPARISON — my earlier Fruits_Laws spine vs the canonical Master Equation
A2: Non-destructive: original Fruits_Laws mapping is untouched. This tab shows where it agrees with, and breaks against, the canonical spine.
A4: Law | B4: My physical | C4: My spiritual | D4: My Fruit | E4: Canon science | F4: Canon God-name | G4: Sign | H4: Status | I4: Note
A5: 1 | B5: Gravitation | C5: Grace | D5: Patience | E5: Gravity / Negentropy | F5: Grace | G5: + | H5: MATCH | I5: Spiritual pole = Grace on both
A6: 2 | B6: Mass–Energy | C6: Meaning | D6: Self-control | E6: Mass-Energy | F6: Meaning | G6: + | H6: MATCH | I6: Meaning on both
A7: 3 | B7: Electromagnetism | C7: Truth | D7: Joy | E7: Electromagnetism | F7: Truth | G7: + | H7: MATCH | I7: Truth on both
A8: 4 | B8: Strong Force | C8: Love | D8: Love | E8: Logos / Information | F8: Logos | G8: + | H8: CONFLICT | I8: Canon L4 = Logos, not Love. No Strong-Force/Love law exists in canon.
A9: 5 | B9: Thermodynamics | C9: Judgment | D9: Peace | E9: Entropy | F9: Sin / Disorder | G9: − | H9: CONFLICT | I9: Canon factor is NEGATIVE (drags χ down). A Fruit cannot map onto Sin.
A10: 6 | B10: Logos | C10: Information | D10: Kindness | E10: Time | F10: Judgment | G10: ~ | H10: CONFLICT | I10: Logos moved to L4 in canon; canon L6 = Time/Judgment
A11: 7 | B11: Relativity | C11: Grace-Frame | D11: Gentleness | E11: Relational Physics | F11: Relationship | G11: + | H11: PARTIAL | I11: Both relational/frame themes — loose but compatible
A12: 8 | B12: Quantum | C12: Faith | D12: Faithfulness | E12: Quantum Observation | F12: Faith | G12: + | H12: MATCH | I12: Faith on both
A13: 9 | B13: Weak Force | C13: Moral Conservation | D13: Goodness | E13: Weak Force Decay | F13: Sin-decay | G13: − | H13: CONFLICT | I13: Canon factor is NEGATIVE (slow corruption). Goodness cannot map onto Sin-decay.
A14: 10 | B14: — | C14: — | D14: — | E14: Coherence | F14: Christ | G14: wrap | H14: CANON-ADD | I14: The binding wrapper C_W. Not in my 9-law spine.
A16: SCORECARD
A17: Clean matches | B17: =COUNTIF(H5:H14,"MATCH") -> 4
A18: Partial | B18: =COUNTIF(H5:H14,"PARTIAL") -> 1
A19: Conflicts | B19: =COUNTIF(H5:H14,"CONFLICT") -> 4
A20: …of which caused by sin factors (S,F) | B20: =COUNTIF(G5:G13,"−") -> 2
A21: Canon-only (wrapper) | B21: =COUNTIF(H5:H14,"CANON-ADD") -> 1
A23: TAKEAWAY
A24: The positive theological poles survive — Grace, Meaning, Truth, Faith line up on both spines (4 clean + 1 partial). The mapping breaks on 4 laws: Love has no home in canon (Logos sits at L4), and two canonical factors (Entropy/Sin at L5, Weak-decay/Sin-decay at L9) are NEGATIVE, so no positive Fruit can occupy them. Conclusion: the clean 9↔9 Fruits↔laws isomorphism does not hold against the canonical spine; at best it is a ~7-slot partial mapping over the positive factors, with Christ (C) as the wrapper.

Sheet Result_Domains
A1: RESULT DOMAINS — empirical scorecard (imported from Axiom_Containers)
A3: Domain | B3: Surprise | C3: Pass | D3: Total | E3: Pass rate | F3: Key result | G3: Strength | H3: Physics
A4: Cosmology | B4: 9 | C4: 4 | D4: 4 | E4: =IFERROR(C4/D4,"") -> 1 | F4: H0: 4.4σ → 1.9σ | G4: strong | H4: Dark energy drives expansion
A5: Galaxy dynamics | B5: 10 | C5: 3 | D5: 4 | E5: =IFERROR(C5/D5,"") -> 0.75 | F5: 37× better than NFW | G5: strong | H5: χ-field modifies G_eff
A6: Genesis narrative | B6: 7 | C6: 4 | D6: 4 | E6: =IFERROR(C6/D6,"") -> 1 | F6: 10¹¹ collapse ratio | G6: strong | H6: Q×C decoherence collapse
A7: Moral dynamics | B7: 4 | C7: 4 | D7: 4 | E7: =IFERROR(C7/D7,"") -> 1 | F7: 3.77× asymmetry | G7: strong | H7: Grace/entropy asymmetry in LLC
A8: Community coherence | B8: 6 | C8: 3 | D8: 3 | E8: =IFERROR(C8/D8,"") -> 1 | F8: N=10 → 221× | G8: strong | H8: Superlinear grace scaling
A9: Works vs grace | B9: 8 | C9: 4 | D9: 4 | E9: =IFERROR(C9/D9,"") -> 1 | F9: Semi-Pelagian Theorem | G9: strong | H9: Eigenvalue impossibility proof
A10: Phase transition | B10: 5 | C10: 2 | D10: 2 | E10: =IFERROR(C10/D10,"") -> 1 | F10: Discontinuous transition | G10: moderate | H10: R/S sharp threshold
A11: Terminus Sui | B11: 9 | C11: 6 | D11: 6 | E11: =IFERROR(C11/D11,"") -> 1 | F11: 6 fields, 3 centuries | G11: strong | H11: Six impossibility theorems converge
A12: χ-field reality | B12: 3 | C12: 5 | D12: 5 | E12: =IFERROR(C12/D12,"") -> 1 | F12: 5/5 criteria | G12: strong | H12: 5/5 field criteria satisfied
A14: TOTAL | C14: =SUM(C4:C12) -> 35 | D14: =SUM(D4:D12) -> 36 | E14: =IFERROR(C14/D14,"") -> 0.97222222

Sheet Simple_Math
A1: SIMPLE MATH — scripture ↔ equation (imported from Axiom_Containers)
A3: Label | B3: Scripture | C3: Equation | D3: Plain English | E3: χ Var | F3: Domain
A4: Grace superabounds | B4: Romans 5:20 | C4: ΔG > ΔS (always, by factor of 3.77) | D4: No matter how much disorder increases, grace increases more. | E4: G | F4: moral
A5: Apart from me, nothing | B5: John 15:5 | C5: G = 0 → χ drops 99% | D5: Take out grace, the whole system collapses. | E5: G | F5: terminus
A6: Not of works | B6: Ephesians 2:8-9 | C6: e^G >> W₁ + W₂ + W₃ + … (exponential vs linear) | D6: You can stack works forever. They never reach what one grace does. | E6: G | F6: eigenvalue
A7: Where two or three gather | B7: Matthew 18:20 | C7: 1 person: χ=1; 10 people: χ=221 (not 10) | D7: Gathering does not add — it multiplies. | E7: R | F7: community
A8: Narrow gate | B8: Matthew 7:13 | C8: R > S → σ=+1; R < S → σ=−1. No in-between. | D8: It is a switch, not a dial. | E8: R | F8: phase
A9: The Fall | B9: Genesis 3 | C9: Q×C coupled → χ collapses by 10¹¹ | D9: Knowledge of good and evil coupled with choice collapsed coherence by a hundred billion. | E9: Q | F9: genesis
A10: Grace is idempotent | B10: Hebrews 10:10 | C10: G² = G (apply grace twice = apply once) | D10: 100% grace works. 99% grace + 1% works breaks. For ANY mixture. | E10: G | F10: eigenvalue
A11: No system saves itself | B11: John 15:5 | C11: Gödel + Clausius + Turing + … → internal ops preserve eigenvalue | D11: Six fields, three centuries, one conclusion: you cannot fix yourself from inside yourself. | E11: C | F11: terminus
A12: Glorification exceeds Eden | B12: John 14:12 | C12: Glorified χ / Pre-Fall χ = 11.7× | D12: The restored state is not a return to innocence. It is 12 times better. | E12: C | F12: genesis

Sheet Axiom_Schema
A1: AXIOM SCHEMA — the causal waterfall (188 axioms → 6 schemata, 1 closed loop)
A2: Not parallel columns — a cascade. Each schema generates the next; AS-005 loops back to AS-000.
A4: Schema | B4: Plain statement | C4: Formal assertion | D4: Root axioms | E4: #Ax | F4: Generates →
A5: AS-000: GOD | B5: The source is external, coherent, and personal. | C5: ∃ T.O. : Φ(T.O.)=∞ ∧ Ĝ†Ĝ≠I ∧ N=3 | D5: AX-073 (External Intervention) + AX-074 (Non-Unitary Grace) + AX-066 (TO≡God) | E5: 31 | F5: AS-001 (Existence)
A6: AS-001: EXISTENCE | B6: Something exists rather than nothing. | C6: ∃x (x ∈ Reality) ∧ χ=∫(G·K)dΩ | D6: AX-001 (Existence) + AX-009 (Self-Grounding) + AX-012 (χ First Form) + AX-017 (Coherence) | E6: 55 | F6: AS-002 (Right and Wrong)
A7: AS-002: RIGHT AND WRONG | B7: The distinction is binary and real. σ = ±1. | C7: σ̂=diag(+1,-1) ∧ [σ̂,Û]=0 ∧ Good≡ΔC>0 | D7: AX-067 (Binary Distinction) + AX-068 (Sign Conservation) + AX-089 (Coherence-Morality) | E7: 24 | F7: AS-003 (People)
A8: AS-003: PEOPLE | B8: Conscious observers participate in the system. | C8: Φ=min[I(whole)-I(parts)] ∧ χ_actual=Ŵ(Φ)·χ_potential | D8: AX-082 (Consciousness Substrate) + AX-036 (Participatory) + AX-120 (Φ Threshold) | E8: 36 | F8: AS-004 (The World)
A9: AS-004: THE WORLD | B9: Physical reality has rules, boundaries, and states. | C9: |ψ⟩=Σcᵢ|aᵢ⟩ ∧ H²=(8πG/3)ρ-k/a²+G(t)/3 | D9: AX-045 (Superposition) + AX-056 (Closure) + AX-100 (χ Unification) + AX-105 (Dark Energy) | E9: 32 | F9: AS-005 (The Enemy)
A10: AS-005: THE ENEMY | B10: Without intervention, the system decays to σ = −1. (DERIVED, not assumed) | C10: dC/dt≤0 ∧ [σ̂,Û]=0 ∧ lim Φ=0 | D10: AX-067 (Binary) + AX-025 (dC/dt≤0) + AX-047 (Irreversibility) → −1 attractor exists | E10: 11 | F10: AS-000 (GOD) ← LOOP
A12: Total axioms (with overlaps) | E12: =SUM(E5:E10) -> 189
A13: Note: raw sum 189 collapses to 188 canonical axioms after shared-axiom overlaps; the loop AS-005 → AS-000 closes because THE ENEMY (decay to −1) necessitates GOD (the anti-entropy source).
